total management solutions  ,business
ford world headquarters  ,business
envirocom incorporated ,business
a lavelle consulting service,business
friends for susana mendoza  ,candidate
friends for flores  ,candidate
willie cochran  ,candidate
citizens to elect willie cochran  ,candidate
chicago for rahm emanuel  ,candidate
chicago for rahm emanuel  ,candidate
citizens for bradley  ,candidate
chicago for rahm emanuel  ,candidate
patrick oconnor  ,candidate
silverstein for senator  ,candidate
olympic dodge inc  ,retail
the body shop  ,retail
benchmark constuction co inc  ,construction
premium builders ltd  ,construction
brown and momen inc  ,construction
horizonte development & construction  ,construction
hagglund masonery tuckpointing  ,construction
midwest contractors association of il pac  ,construction
mat leasing inc  ,construction
hill mechanical corp ,construction
art masonry & brick inc,construction
asc insulation fireproofing & supplies inc,construction
the domain group llc  ,developer
candea development  ,developer
wrigleyville rooftops  ,retail
sheffield waveland rooftops  ,retail
martini club inc  ,retail
highland community bank  ,financial
midway capital partners llc  ,financial
357 financial inc,financial
ariel investments llc,financial
ariel capital management inc,financial
bank one corporation pac,financial
la fruteria inc  ,retail
fresh market place  ,retail
king drive hospitality group inc  ,hotel
lsl industries  ,industry
s&c electric company  ,industry
wynn & associates  ,law
maragos & maragos ltd  ,law
grove liquors  ,liquor
associated beer distributors of il  ,liquor
chicago latino public affairs committee  ,pac
grassroots pac  ,pac
new chicago committee  ,pac
for a better chicago  ,pac
chicago land operators joint labormanagement pac  ,pac
citizens united for change in the 20th ward  ,pac
hispanic democratic organization  ,pac
at&t illinois employee pac  ,pac
chicago land opertators joint labormanagement pac  ,pac
the burnham committee  ,pac
new chicago committee  ,pac
for a better chicagopac  ,pac
613 pac  ,pac
1st ward independent democratic party  ,party
50th ward regular democratic organization  ,party
14th ward regular democratic organization,party
gibbons property management  ,property_man
1735 n ashland partners llp  ,property_man
mississippi management llc  ,property_man
sunset bay marina llc  ,property_man
gilead management  ,property_man
wilson properties  ,property_man
chicago association of realtors  ,realestate
chicago assoc of realtors inc  ,realestate
real concord inc  ,realestate
q smokeshack llc  ,retail
paulines restaurant  ,retail
rcb tire shop  ,retail
rainbow laundry  ,retail
fullerton pawners inc  ,retail
illinois merchants pac  ,retail
walmart stores inc pac for responsible government,retail
walmart,retail
target,retail
victor sign corp  ,signs
comcast  ,tech
comcast financial agency corporation  ,tech
at & t,tech
at & t broadband,tech
pacella trucking express inc  ,transport
foodliners inc  ,transport
norfolk southern corporation  ,transport
taxicar taxi llc  ,transport
chicago teachers union pac  ,union
seiu illinois council pac fund  ,union
afscme illinois council no 31 political action committee  ,union
chicago teachers union  pac  ,union
chicago teachers union cope  ,union
seiu health care illinois indiana pac  ,union
construction & general laborers district council of chicago & vicinit  ,union
united working families pac  ,union
iron workers union local 63 ipal fund  ,union
cook county college teachers unioncope  ,union
chicago regional council of carpenters pac  ,union
chicago fire fighters union ,union
local 150 iuoe  ,union
local 143 operating engineers  ,union
chicago journeyman plumbers #130  ,union
unite here tip state & local fund  ,union
unite here local 1  ,union
seiu illinois council pac  ,union
afsme illinois council no 31  ,union
chicago teachers union pac  ,union
seiu healthcare il in pac  ,union
omni contracting inc,tech
friends of omar aquino,candidate
tavern on rush,retail
harry carays restaurant,retail
Jewel-osco,retail
aldi,retail
market,retail
